subtaskID,datapointID,answer
1,636230,10000.0
1,256460,150000.0
1,327890,750000.0
1,287020,75000.0
1,25980,350000.0
1,22180,350000.0
1,1125910,10000.0
1,221810,350000.0
1,2231190,10000.0
1,446810,150000.0
1,244710,350000.0
1,621020,35000.0
1,204390,35000.0
1,1210150,10000.0
1,606280,1500000.0
1,720350,10000.0
1,391030,35000.0
1,1346020,35000.0
1,487720,150000.0
1,35140,3500000.0
1,39160,350000.0
1,296550,10000.0
1,557040,75000.0
1,300060,150000.0
1,992640,150000.0
1,35720,3500000.0
1,297570,35000.0
1,609110,75000.0
1,1119600,35000.0
1,355310,10000.0
1,308420,350000.0
1,115120,350000.0
1,1114290,35000.0
1,300340,35000.0
1,43600,35000.0
1,10090,3500000.0
1,1424330,75000.0
1,969540,10000.0
1,250700,150000.0
1,98800,350000.0
1,21690,1500000.0
1,227300,15000000.0
1,1119700,150000.0
1,628660,35000.0
1,388880,750000.0
1,41050,350000.0
1,673130,1500000.0
1,317370,35000.0
1,97110,35000.0
1,1029690,150000.0
1,292030,15000000.0
1,967390,10000.0
1,782330,3500000.0
1,270070,10000.0
1,410320,1500000.0
1,641990,3500000.0
1,1097130,350000.0
1,925940,75000.0
1,638970,1500000.0
1,1016920,750000.0
1,1693980,350000.0
1,285330,750000.0
1,1233570,750000.0
1,2396240,75000.0
1,949200,10000.0
1,860510,750000.0
1,46770,75000.0
1,237740,150000.0
1,235980,75000.0
1,274230,150000.0
1,232790,750000.0
1,258520,750000.0
1,924070,10000.0
1,409320,35000.0
1,945360,35000000.0
1,596970,350000.0
1,469790,35000.0
1,398640,35000.0
1,206420,3500000.0
1,252670,150000.0
1,266510,750000.0
1,988310,10000.0
1,252490,35000000.0
1,312440,10000.0
1,349890,10000.0
1,682990,750000.0
1,1063730,75000000.0
1,385710,350000.0
1,1796220,35000.0
1,9500,150000.0
1,253230,750000.0
1,390610,35000.0
1,314810,150000.0
1,651660,150000.0
1,376450,10000.0
1,1025600,150000.0
1,12770,350000.0
1,975950,35000.0
1,260550,35000.0
1,371200,75000.0
1,226560,150000.0
1,3170,750000.0
1,1016120,350000.0
1,526140,35000.0
1,414340,1500000.0
1,1299690,10000.0
1,844040,35000.0
1,780350,75000.0
1,243930,350000.0
1,250380,75000.0
1,962630,75000.0
1,24720,750000.0
1,976310,1500000.0
1,981430,75000.0
1,415350,75000.0
1,274500,350000.0
1,762220,75000.0
1,33229,10000.0
1,1610,75000.0
1,543460,350000.0
1,274310,350000.0
1,945160,10000.0
1,640120,150000.0
1,228320,150000.0
1,392280,150000.0
1,55150,3500000.0
1,1811040,10000.0
1,42910,3500000.0
1,699170,350000.0
1,200170,1500000.0
1,446840,35000.0
1,241910,350000.0
1,323190,3500000.0
1,396710,350000.0
1,774241,750000.0
1,264060,35000.0
1,915100,10000.0
1,1619230,35000.0
1,40100,1500000.0
1,1154040,150000.0
1,108500,350000.0
1,1082680,75000.0
1,7940,1500000.0
1,757320,150000.0
1,252330,350000.0
1,350970,75000.0
1,238210,750000.0
1,10130,150000.0
1,10180,7500000.0
1,370870,35000.0
1,709440,35000.0
1,736850,350000.0
1,626660,10000.0
1,637090,1500000.0
1,1126750,10000.0
1,398850,750000.0
1,557600,350000.0
1,388320,75000.0
1,962700,10000.0
1,405500,150000.0
1,319510,1500000.0
1,530390,75000.0
1,517810,150000.0
1,314340,35000.0
1,306640,10000.0
1,633950,75000.0
1,33990,35000.0
1,251130,150000.0
1,370480,35000.0
1,631980,35000.0
1,1096410,75000.0
1,1432850,10000.0
1,1039360,10000.0
1,546430,350000.0
1,208670,350000.0
1,682080,10000.0
1,1178210,10000.0
1,229580,75000.0
1,621220,150000.0
1,209370,150000.0
1,421050,350000.0
1,559330,75000.0
1,1211930,10000.0
1,15130,350000.0
1,222730,750000.0
1,241000,10000.0
1,257850,750000.0
1,1203220,7500000.0
1,411300,750000.0
1,275570,75000.0
1,767390,75000.0
1,40970,1500000.0
1,201271,10000.0
1,58230,35000.0
1,1042490,150000.0
1,827000,35000.0
1,205910,750000.0
1,275670,350000.0
1,415590,75000.0
1,232050,1500000.0
1,366910,150000.0
1,1125130,10000.0
1,336130,75000.0
1,1123450,35000.0
1,1306720,10000.0
1,355530,35000.0
1,41730,35000.0
1,9010,750000.0
1,245450,150000.0
1,73210,150000.0
1,915670,75000.0
1,34450,1500000.0
1,130,15000000.0
1,242640,1500000.0
1,224940,350000.0
1,361990,350000.0
1,204450,3500000.0
1,219150,1500000.0
1,23460,35000.0
1,7770,150000.0
1,22650,350000.0
1,15000,150000.0
1,1368030,350000.0
1,352550,150000.0
1,515960,75000.0
1,414870,150000.0
1,65540,750000.0
1,703320,75000.0
1,307960,350000.0
1,282560,350000.0
1,685050,10000.0
1,1172380,1500000.0
1,327060,35000.0
1,454520,10000.0
1,331690,150000.0
1,490450,75000.0
1,2400,1500000.0
1,1060600,35000.0
1,289130,1500000.0
1,475190,150000.0
1,340000,150000.0
1,368390,350000.0
1,357310,75000.0
1,42670,350000.0
1,9200,750000.0
1,1243890,10000.0
1,237350,35000.0
1,313160,750000.0
1,248820,1500000.0
1,230070,350000.0
1,975470,35000.0
1,25808,35000.0
1,2450,150000.0
1,50000,75000.0
1,766320,10000.0
1,345660,150000.0
1,1037130,35000.0
1,73010,350000.0
1,683320,1500000.0
1,1019590,10000.0
1,637100,350000.0
1,549170,10000.0
1,283310,75000.0
1,18040,75000.0
1,207170,750000.0
1,838310,150000.0
1,251290,75000.0
1,597700,35000.0
1,7620,350000.0
1,686740,10000.0
1,474240,35000.0
1,1119980,35000.0
1,600130,150000.0
1,461950,350000.0
1,747360,75000.0
1,910830,35000.0
1,1039890,150000.0
1,589780,350000.0
1,610860,10000.0
1,757200,10000.0
1,239350,1500000.0
1,346090,10000.0
1,203650,150000.0
1,1451120,10000.0
1,2630,3500000.0
1,236850,3500000.0
1,294440,75000.0
1,253840,350000.0
1,406850,35000.0
1,1670,35000.0
1,868520,75000.0
1,319470,75000.0
1,427570,10000.0
1,423900,35000.0
1,219680,350000.0
1,312520,350000.0
1,307590,75000.0
1,714120,350000.0
1,48720,1500000.0
1,493900,350000.0
1,874040,10000.0
1,835950,35000.0
1,501790,75000.0
1,45700,350000.0
1,557750,10000.0
1,809880,35000.0
1,221540,350000.0
1,620,15000000.0
1,638000,35000.0
1,840390,35000.0
1,1276790,350000.0
1,402530,75000.0
1,248510,35000.0
1,3990,750000.0
1,2103680,10000.0
1,12810,1500000.0
1,20710,35000.0
1,469820,750000.0
1,2187220,35000.0
1,34330,3500000.0
1,466300,350000.0
1,327410,350000.0
1,346110,15000000.0
1,646050,35000.0
1,215670,75000.0
1,45450,75000.0
1,416680,350000.0
1,598550,75000.0
1,1736290,10000.0
1,324260,75000.0
1,699670,75000.0
1,343100,350000.0
1,871530,75000.0
1,859340,35000.0
1,19030,10000.0
1,740130,3500000.0
1,48700,3500000.0
1,203350,350000.0
1,209670,1500000.0
1,1238000,750000.0
1,1244090,150000.0
1,70650,150000.0
1,465280,150000.0
1,481510,350000.0
1,8190,3500000.0
1,368590,150000.0
1,1157220,150000.0
1,1097350,75000.0
1,3270,150000.0
1,299950,75000.0
1,331760,35000.0
1,253330,150000.0
1,245620,1500000.0
1,25860,10000.0
1,40420,150000.0
1,289240,10000.0
1,933110,750000.0
1,102400,10000.0
1,100,15000000.0
1,595140,150000.0
1,537800,750000.0
1,22380,3500000.0
1,44690,75000.0
1,651500,10000.0
1,1001140,35000.0
1,1649010,35000.0
1,629220,75000.0
1,510420,75000.0
1,878670,35000.0
1,311260,150000.0
1,1108590,75000.0
1,303260,35000.0
1,874260,350000.0
1,928990,10000.0
1,552620,750000.0
1,1145360,7500000.0
1,353190,75000.0
1,606890,35000.0
1,1102100,10000.0
1,233230,150000.0
1,210970,1500000.0
1,829280,10000.0
1,627270,750000.0
1,1307580,35000.0
1,335000,150000.0
1,695330,10000.0
1,820630,75000.0
1,860900,10000.0
1,1384160,750000.0
1,57300,3500000.0
1,37400,350000.0
1,7830,350000.0
1,726830,150000.0
1,9730,0.0
1,21800,150000.0
1,248610,750000.0
1,485870,150000.0
1,2520,75000.0
1,882020,35000.0
1,446100,10000.0
1,1500,75000.0
1,434190,10000.0
1,384630,35000.0
1,362960,750000.0
1,865610,75000.0
1,306440,35000.0
1,466630,150000.0
1,257990,35000.0
1,855640,75000.0
1,1164940,35000.0
1,281640,350000.0
1,420060,150000.0
1,828900,35000.0
1,16450,750000.0
1,888630,10000.0
1,865680,35000.0
1,1127970,350000.0
1,601150,3500000.0
1,859580,750000.0
1,464060,750000.0
1,359630,10000.0
1,1121560,350000.0
1,493200,350000.0
1,42950,35000.0
1,699740,10000.0
1,262960,75000.0
1,238460,3500000.0
1,307780,3500000.0
1,1227690,150000.0
1,263860,75000.0
1,783210,10000.0
1,312660,3500000.0
1,80310,150000.0
1,55000,150000.0
1,233310,150000.0
1,247140,75000.0
1,18450,75000.0
1,365770,75000.0
1,236490,10000.0
1,7840,75000.0
1,248860,750000.0
1,973760,750000.0
1,1139900,1500000.0
1,31860,35000.0
1,9980,35000.0
1,894020,350000.0
1,226280,10000.0
1,254820,35000.0
1,211360,350000.0
1,32640,75000.0
1,1658150,10000.0
1,774361,750000.0
1,94620,150000.0
1,6900,1500000.0
1,3010,35000.0
1,293660,75000.0
1,466350,35000.0
1,10680,1500000.0
1,245280,350000.0
1,635200,350000.0
1,520600,35000.0
1,790350,10000.0
1,251150,350000.0
1,96800,350000.0
1,283290,350000.0
1,211740,750000.0
1,586950,35000.0
1,814380,7500000.0
1,447290,350000.0
1,270790,350000.0
1,214970,350000.0
1,7520,750000.0
1,684410,350000.0
1,315460,350000.0
1,301860,350000.0
1,250320,1500000.0
1,2610,150000.0
1,204100,1500000.0
1,1029890,150000.0
1,374520,10000.0
1,437920,1500000.0
1,1902690,75000.0
1,363680,350000.0
1,2800,350000.0
1,1239950,10000.0
1,1611910,350000.0
1,408250,35000.0
1,115110,350000.0
1,330820,350000.0
1,1640,75000.0
1,565120,75000.0
1,585840,75000.0
1,1457080,75000.0
1,445020,10000.0
1,46000,75000.0
1,9760,75000.0
1,277630,35000.0
1,22310,150000.0
1,252310,150000.0
1,214170,750000.0
1,2079180,10000.0
1,46540,150000.0
1,575820,10000.0
1,38740,350000.0
1,58560,150000.0
1,38420,1500000.0
1,15210,150000.0
1,298050,750000.0
1,447020,1500000.0
1,617640,10000.0
1,244810,150000.0
1,48190,1500000.0
1,402060,75000.0
1,1837750,10000.0
1,388520,10000.0
1,39500,1500000.0
1,110800,3500000.0
1,996770,150000.0
1,243780,350000.0
1,240,15000000.0
1,1098170,150000.0
1,464880,35000.0
1,728740,350000.0
1,1162350,10000.0
1,12640,150000.0
1,355790,350000.0
1,990630,350000.0
1,920320,35000.0
1,465200,75000.0
1,206760,150000.0
1,388210,350000.0
1,1046790,10000.0
1,221380,7500000.0
1,895870,750000.0
1,1011390,35000.0
1,321800,350000.0
1,33610,150000.0
1,34410,150000.0
1,218680,1500000.0
1,984800,75000.0
1,349690,10000.0
1,281750,350000.0
1,378660,150000.0
1,9710,75000.0
1,354740,10000.0
1,286750,35000.0
1,374040,1500000.0
1,283680,150000.0
1,261680,35000.0
1,774811,150000.0
1,534290,75000.0
1,6870,750000.0
1,47780,1500000.0
1,290790,350000.0
1,704860,75000.0
1,493520,750000.0
1,1089830,35000.0
1,299480,350000.0
1,200670,150000.0
1,424840,3500000.0
1,4500,1500000.0
1,42140,75000.0
1,1019310,150000.0
1,334100,10000.0
1,496620,150000.0
1,1048740,10000.0
1,322330,15000000.0
1,717310,35000.0
1,550,35000000.0
1,1593500,3500000.0
1,1017900,750000.0
1,4800,150000.0
1,302710,150000.0
1,224300,350000.0
1,555510,150000.0
1,374060,35000.0
1,265120,150000.0
1,204030,750000.0
1,32450,75000.0
1,646570,3500000.0
1,354400,10000.0
1,834530,750000.0
1,251830,75000.0
1,629000,35000.0
1,235820,75000.0
1,969760,150000.0
1,214830,350000.0
1,105800,150000.0
1,666140,1500000.0
1,250680,75000.0
1,1081510,150000.0
1,448510,1500000.0
1,234390,750000.0
1,555220,750000.0
1,872750,10000.0
1,269650,350000.0
1,261900,10000.0
1,209630,350000.0
1,578650,750000.0
1,1122120,75000.0
2,636230,11.83066666666658
2,256460,13.467133333333237
2,327890,16.67103333333321
2,287020,16.254833333333213
2,25980,14.670333333333222
2,22180,12.846666666666568
2,1125910,16.648999999999873
2,221810,16.90093333333322
2,2231190,14.917666666666559
2,446810,13.259833333333233
2,244710,17.556099999999873
2,621020,12.410333333333238
2,204390,10.705166666666592
2,1210150,15.423333333333224
2,606280,22.47979999999985
2,720350,18.21546666666654
2,391030,11.702033333333254
2,1346020,13.756333333333224
2,487720,12.639566666666575
2,35140,17.772999999999872
2,39160,19.109999999999854
2,296550,14.221499999999894
2,557040,14.605833333333226
2,300060,12.142066666666587
2,992640,19.797333333333192
2,35720,18.945366666666533
2,297570,8.753666666666632
2,609110,17.189999999999866
2,1119600,16.312999999999874
2,355310,7.648333333333315
2,308420,18.215733333333205
2,115120,13.181866666666567
2,1114290,15.771666666666551
2,300340,14.660666666666557
2,43600,9.838999999999935
2,10090,28.85999999999983
2,1424330,18.149666666666555
2,969540,8.439999999999968
2,250700,11.098999999999924
2,98800,12.886099999999905
2,21690,31.909999999999837
2,227300,20.713333333333185
2,1119700,21.55022222222208
2,628660,9.046666666666619
2,388880,14.723833333333229
2,41050,15.481666666666552
2,673130,12.96453333333324
2,317370,11.195999999999923
2,97110,12.520899999999905
2,1029690,39.17583333333316
2,292030,39.76333333333316
2,967390,24.347666666666516
2,782330,25.383333333333177
2,270070,15.406333333333217
2,410320,16.974566666666554
2,641990,24.70533333333318
2,1097130,15.188522222222103
2,925940,9.532666666666609
2,638970,29.851666666666503
2,1016920,14.761433333333223
2,1693980,35.08999999999983
2,285330,18.37869999999987
2,1233570,23.689333333333195
2,2396240,17.746933333333203
2,949200,17.3733333333332
2,860510,19.915888888888748
2,46770,13.375999999999902
2,237740,15.693466666666549
2,235980,9.204033333333284
2,274230,14.358666666666556
2,232790,12.801466666666572
2,258520,15.06576666666657
2,924070,22.112499999999855
2,409320,15.72953333333322
2,945360,33.279699999999835
2,596970,18.2415333333332
2,469790,16.243266666666546
2,398640,11.951666666666581
2,206420,24.013333333333183
2,252670,12.263333333333247
2,266510,17.38286666666654
2,988310,17.011499999999874
2,252490,27.173166666666507
2,312440,9.96836666666662
2,349890,18.7571333333332
2,682990,18.19509999999987
2,1063730,25.680999999999838
2,385710,14.199499999999897
2,1796220,29.449166666666503
2,9500,11.809333333333253
2,253230,16.099633333333216
2,390610,11.963999999999906
2,314810,8.330933333333308
2,651660,13.200666666666567
2,376450,9.839333333333286
2,1025600,18.590833333333197
2,12770,15.156099999999878
2,975950,12.110299999999912
2,260550,8.600333333333296
2,371200,19.616666666666525
2,226560,12.63703333333324
2,3170,12.295499999999912
2,1016120,25.410666666666515
2,526140,11.310699999999919
2,414340,23.293333333333177
2,1299690,15.485466666666552
2,844040,12.897999999999902
2,780350,16.642666666666543
2,243930,18.563333333333194
2,250380,8.06386666666664
2,962630,12.795399999999903
2,24720,21.02649999999986
2,976310,31.98249999999983
2,981430,18.507166666666528
2,415350,9.602166666666607
2,274500,12.296999999999906
2,762220,8.922866666666621
2,33229,23.748999999999853
2,1610,8.248999999999967
2,543460,32.88153333333317
2,274310,18.025433333333204
2,945160,13.607666666666564
2,640120,11.927299999999914
2,228320,8.474999999999968
2,392280,11.00699999999992
2,55150,19.991666666666525
2,1811040,14.718699999999883
2,42910,28.062999999999846
2,699170,17.586999999999875
2,200170,21.25683333333319
2,446840,15.275833333333212
2,241910,6.430000000000008
2,323190,31.14433333333317
2,396710,16.164166666666546
2,774241,21.321499999999855
2,264060,11.322933333333253
2,915100,30.597866666666498
2,1619230,11.459633333333251
2,40100,20.458888888888744
2,1154040,10.299999999999928
2,108500,10.033799999999934
2,1082680,17.175966666666543
2,7940,16.530666666666544
2,757320,16.46506666666654
2,252330,16.399799999999882
2,350970,13.108766666666572
2,238210,18.502499999999863
2,10130,12.127999999999915
2,10180,24.70166666666651
2,370870,13.892066666666564
2,709440,13.229333333333232
2,736850,12.860599999999904
2,626660,14.376533333333228
2,637090,27.739333333333175
2,1126750,14.686499999999894
2,398850,9.892633333333269
2,557600,13.379199999999896
2,388320,19.832499999999868
2,962700,12.45933333333324
2,405500,11.578333333333251
2,319510,22.785833333333184
2,530390,13.255033333333245
2,517810,17.40749999999987
2,314340,10.10033333333327
2,306640,12.876833333333236
2,633950,11.290499999999918
2,33990,11.610366666666588
2,251130,20.230866666666525
2,370480,13.181333333333232
2,631980,13.858199999999897
2,1096410,14.903433333333217
2,1432850,15.93016666666655
2,1039360,11.121866666666593
2,546430,16.769166666666546
2,208670,12.955566666666584
2,682080,16.328366666666547
2,1178210,18.750833333333194
2,229580,9.86903333333328
2,621220,13.163333333333235
2,209370,10.630933333333262
2,421050,17.666233333333203
2,559330,10.714166666666602
2,1211930,13.786999999999889
2,15130,14.806233333333214
2,222730,17.693066666666535
2,241000,15.029166666666546
2,257850,17.589566666666542
2,1203220,24.67883333333318
2,411300,27.448166666666506
2,275570,15.20116666666655
2,767390,18.8149333333332
2,40970,18.822499999999877
2,201271,26.314499999999843
2,58230,10.57583333333326
2,1042490,11.867133333333246
2,827000,10.266666666666596
2,205910,11.675699999999917
2,275670,11.54549999999992
2,415590,20.52053333333319
2,232050,17.14266666666654
2,366910,15.679999999999884
2,1125130,12.179333333333242
2,336130,13.7377999999999
2,1123450,18.723233333333198
2,1306720,12.923333333333238
2,355530,13.466833333333227
2,41730,7.523499999999987
2,9010,17.228333333333207
2,245450,18.626999999999878
2,73210,14.595499999999896
2,915670,10.405999999999928
2,34450,13.816999999999892
2,130,18.919166666666538
2,242640,23.857333333333187
2,224940,13.612966666666562
2,361990,12.27899999999991
2,204450,18.595666666666535
2,219150,20.586666666666527
2,23460,10.997866666666589
2,7770,7.575866666666649
2,22650,9.459666666666608
2,15000,7.465833333333325
2,1368030,21.969166666666517
2,352550,16.92916666666654
2,515960,14.021633333333229
2,414870,13.075333333333235
2,65540,15.23483333333322
2,703320,16.617666666666537
2,307960,32.763333333333165
2,282560,16.895399999999878
2,685050,7.575999999999981
2,1172380,28.631666666666508
2,327060,11.464899999999915
2,454520,7.123833333333331
2,331690,17.01479999999988
2,490450,14.819499999999891
2,2400,17.5495333333332
2,1060600,14.76956666666656
2,289130,25.867388888888726
2,475190,12.289633333333251
2,340000,12.355999999999913
2,368390,13.979999999999897
2,357310,21.33246666666652
2,42670,23.857566666666518
2,9200,26.747166666666512
2,1243890,18.447499999999863
2,237350,13.314333333333236
2,313160,17.642066666666537
2,248820,19.21859999999987
2,230070,20.503799999999853
2,975470,10.153466666666601
2,25808,9.66556666666661
2,2450,12.31006666666658
2,50000,12.028033333333243
2,766320,16.00833333333321
2,345660,21.464799999999855
2,1037130,17.204899999999878
2,73010,13.589999999999899
2,683320,16.09499999999987
2,1019590,11.369799999999918
2,637100,26.74249999999984
2,549170,15.09033333333322
2,283310,12.335199999999913
2,18040,14.911733333333219
2,207170,13.307466666666562
2,838310,24.708166666666514
2,251290,32.47166666666649
2,597700,14.705499999999889
2,7620,13.6799999999999
2,686740,12.184499999999911
2,474240,8.005666666666649
2,1119980,21.17499999999985
2,600130,12.467999999999906
2,461950,18.587499999999867
2,747360,12.491999999999909
2,910830,19.352166666666534
2,1039890,9.093999999999953
2,589780,12.114099999999908
2,610860,17.59033333333321
2,757200,9.583833333333285
2,239350,16.553499999999882
2,346090,9.266333333333277
2,203650,14.879166666666567
2,1451120,13.819799999999908
2,2630,11.447833333333252
2,236850,35.21666666666649
2,294440,13.932166666666559
2,253840,13.377199999999897
2,406850,11.858333333333247
2,1670,12.026499999999913
2,868520,26.246166666666515
2,319470,10.491466666666595
2,427570,16.660166666666537
2,423900,10.574333333333259
2,219680,12.40749999999991
2,312520,16.122566666666547
2,307590,10.327466666666602
2,714120,12.04616666666658
2,48720,22.224766666666522
2,493900,29.999166666666497
2,874040,16.52733333333321
2,835950,8.853499999999958
2,501790,11.36956666666659
2,45700,14.851266666666557
2,557750,15.86133333333322
2,809880,12.06776666666658
2,221540,15.109999999999888
2,620,25.107499999999842
2,638000,14.844633333333222
2,840390,20.62549999999985
2,1276790,22.05803333333319
2,402530,20.056766666666537
2,248510,12.098299999999922
2,3990,13.238233333333232
2,2103680,15.09993333333323
2,12810,16.195866666666554
2,20710,10.877666666666597
2,469820,15.831166666666544
2,2187220,13.908333333333225
2,34330,23.940555555555402
2,466300,22.607733333333183
2,327410,16.567733333333212
2,346110,29.10569999999984
2,646050,8.407999999999966
2,215670,12.922133333333248
2,45450,9.545333333333282
2,416680,17.37749999999986
2,598550,15.299166666666551
2,1736290,14.401166666666557
2,324260,17.094666666666544
2,699670,15.211833333333225
2,343100,12.678399999999902
2,871530,20.426399999999862
2,859340,13.24773333333324
2,19030,15.137499999999882
2,740130,24.705166666666507
2,48700,32.861699999999836
2,203350,10.518333333333258
2,209670,14.528033333333234
2,1238000,22.97416666666651
2,1244090,17.023533333333212
2,70650,8.733766666666627
2,465280,9.870333333333276
2,481510,25.276233333333177
2,8190,22.019166666666518
2,368590,10.436499999999938
2,1157220,25.411199999999845
2,1097350,21.19283333333319
2,3270,8.98933333333329
2,299950,15.058999999999878
2,331760,8.911166666666638
2,253330,14.116166666666562
2,245620,27.990166666666507
2,25860,19.019999999999865
2,40420,7.697999999999982
2,289240,10.326033333333266
2,933110,36.973333333333166
2,102400,10.149999999999933
2,100,17.444999999999865
2,595140,12.548366666666572
2,537800,28.56449999999984
2,22380,31.8933666666665
2,44690,12.831366666666575
2,651500,13.562499999999892
2,1001140,11.370499999999927
2,1649010,14.809999999999889
2,629220,17.822966666666535
2,510420,15.977399999999886
2,878670,17.463999999999878
2,311260,23.927499999999853
2,1108590,19.177133333333195
2,303260,8.470033333333296
2,874260,13.06073333333323
2,928990,16.848333333333205
2,552620,22.819166666666515
2,1145360,21.14506666666652
2,353190,11.500899999999916
2,606890,15.902666666666542
2,1102100,17.11483333333321
2,233230,14.932999999999895
2,210970,17.135699999999872
2,829280,13.64423333333324
2,627270,22.60599999999985
2,1307580,13.806066666666563
2,335000,14.556666666666555
2,695330,11.466833333333257
2,820630,15.018333333333219
2,860900,9.156833333333282
2,1384160,30.549999999999837
2,57300,20.893499999999854
2,37400,8.716933333333293
2,7830,17.01669999999987
2,726830,15.472833333333222
2,9730,13.140999999999908
2,21800,11.429999999999914
2,248610,16.16999999999988
2,485870,13.712499999999897
2,2520,6.368166666666674
2,882020,18.8983333333332
2,446100,13.99683333333323
2,1500,16.79813333333321
2,434190,15.919333333333206
2,384630,12.592433333333242
2,362960,23.086333333333176
2,865610,14.010333333333232
2,306440,10.50893333333327
2,466630,18.123666666666537
2,257990,9.608133333333285
2,855640,14.602799999999897
2,1164940,17.773333333333206
2,281640,21.635766666666527
2,420060,11.004666666666594
2,828900,11.373399999999924
2,16450,19.420199999999863
2,888630,13.078166666666567
2,865680,11.257699999999925
2,1127970,11.943399999999912
2,601150,28.984999999999836
2,859580,37.93116666666649
2,464060,15.548033333333215
2,359630,11.998999999999915
2,1121560,24.656399999999838
2,493200,18.463466666666537
2,42950,9.678999999999945
2,699740,14.567666666666552
2,262960,20.343333333333195
2,238460,15.99239999999988
2,307780,33.3401666666665
2,1227690,12.370833333333243
2,263860,10.111366666666605
2,783210,16.442833333333205
2,312660,23.65933333333318
2,80310,11.966133333333246
2,55000,9.858466666666608
2,233310,12.371666666666579
2,247140,10.350233333333266
2,18450,9.636833333333277
2,365770,13.344999999999901
2,236490,7.499999999999988
2,7840,9.436833333333281
2,248860,15.080266666666555
2,973760,25.3915555555554
2,1139900,30.894166666666504
2,31860,8.530633333333293
2,9980,6.584166666666674
2,894020,19.854133333333195
2,226280,10.47439999999993
2,254820,17.053399999999876
2,211360,11.621466666666587
2,32640,9.74999999999995
2,1658150,18.332399999999872
2,774361,21.508166666666522
2,94620,9.870133333333275
2,6900,12.54673333333323
2,3010,15.46916666666655
2,293660,13.474999999999895
2,466350,8.98729999999996
2,10680,23.24766666666651
2,245280,34.38833333333316
2,635200,13.364499999999891
2,520600,14.127866666666556
2,790350,12.24399999999991
2,251150,23.239999999999853
2,96800,9.04583333333329
2,283290,16.57469999999988
2,211740,14.266666666666564
2,586950,20.720999999999854
2,814380,21.229999999999862
2,447290,9.544866666666614
2,270790,14.962099999999888
2,214970,12.643333333333235
2,7520,34.80583333333316
2,684410,19.79973333333319
2,315460,19.122699999999867
2,301860,21.397233333333187
2,250320,20.288099999999858
2,2610,15.04756666666655
2,204100,39.01833333333315
2,1029890,12.524599999999905
2,374520,15.76866666666655
2,437920,15.071766666666557
2,1902690,27.44083333333317
2,363680,26.839166666666507
2,2800,9.328666666666612
2,1239950,15.34283333333322
2,1611910,32.74999999999983
2,408250,11.93166666666658
2,115110,7.555866666666655
2,330820,8.624166666666632
2,1640,23.09999999999985
2,565120,12.553099999999905
2,585840,12.210566666666582
2,1457080,16.509066666666545
2,445020,17.70249999999987
2,46000,9.30586666666662
2,9760,11.154666666666587
2,277630,19.326999999999867
2,22310,8.694666666666626
2,252310,13.415666666666564
2,214170,14.249999999999893
2,2079180,16.743866666666545
2,46540,13.454999999999906
2,575820,15.568999999999878
2,38740,11.792333333333252
2,58560,11.56999999999991
2,38420,13.691833333333228
2,15210,16.133666666666546
2,298050,24.59849999999985
2,447020,21.28583333333319
2,617640,17.61249999999987
2,244810,11.939499999999908
2,48190,22.74999999999985
2,402060,13.493066666666563
2,1837750,16.601333333333216
2,388520,49.79849999999981
2,39500,17.231833333333206
2,110800,27.673722222222057
2,996770,16.57949999999988
2,243780,9.249833333333283
2,240,23.186666666666508
2,1098170,11.701333333333242
2,464880,18.343999999999863
2,728740,10.009966666666612
2,1162350,14.766666666666557
2,12640,12.20859999999991
2,355790,21.851699999999852
2,990630,15.903499999999879
2,920320,19.844999999999857
2,465200,17.60593333333321
2,206760,10.294333333333258
2,388210,17.501333333333204
2,1046790,13.970633333333238
2,221380,22.32216666666652
2,895870,13.75846666666656
2,1011390,19.920333333333193
2,321800,18.695833333333198
2,33610,11.876499999999908
2,34410,10.193333333333273
2,218680,19.360499999999863
2,984800,16.13583333333322
2,349690,9.54366666666661
2,281750,10.601633333333263
2,378660,15.874699999999887
2,9710,10.434666666666596
2,354740,14.413466666666558
2,286750,9.186833333333295
2,374040,23.413333333333178
2,283680,12.539999999999907
2,261680,11.484933333333254
2,774811,11.290166666666599
2,534290,14.635999999999889
2,6870,12.005499999999914
2,47780,18.794166666666527
2,290790,24.59333333333318
2,704860,8.929999999999955
2,493520,43.11883333333316
2,1089830,21.61749999999985
2,299480,10.236033333333266
2,200670,10.27899999999993
2,424840,21.687499999999854
2,4500,31.998333333333164
2,42140,9.093499999999953
2,1019310,13.553766666666569
2,334100,11.338333333333248
2,496620,12.964133333333237
2,1048740,17.60749999999987
2,322330,19.358366666666527
2,717310,21.205999999999857
2,550,39.923333333333154
2,1593500,27.350833333333174
2,1017900,24.436999999999845
2,4800,11.127999999999924
2,302710,12.085633333333249
2,224300,12.189799999999906
2,555510,16.33166666666655
2,374060,12.598999999999906
2,265120,11.213699999999909
2,204030,25.361666666666515
2,32450,16.47116666666655
2,646570,25.540866666666517
2,354400,15.850299999999889
2,834530,25.810033333333184
2,251830,15.65673333333322
2,629000,11.179166666666587
2,235820,11.748666666666583
2,969760,14.794833333333232
2,214830,12.486666666666572
2,105800,10.664144444444368
2,666140,21.351233333333184
2,250680,15.382033333333224
2,1081510,13.449699999999915
2,448510,15.581666666666548
2,234390,12.03993333333325
2,555220,19.851833333333193
2,872750,16.233999999999874
2,269650,15.158266666666556
2,261900,17.103633333333207
2,209630,12.217499999999912
2,578650,28.821722222222064
2,1122120,16.599999999999877
